Ploidy	Type	Marker	Chrom	Position	Ref	Alt	GC	MODEL	P	SCORE	THRESHOLD	DIFF	Effect
4	full	snp150	Chr4	65600291	C	T	0.786	additive	7.07945784384137e-06	5.15	3.21	1.94	18.15
4	full	snp396	Chr12	60754928	C	T	0.786	additive	0.000131825673855641	3.88	3.21	0.67	-18.52
4	full	snp250	Chr7	41720719	A	G	0.786	additive	0.000851138038202377	3.07	3.21	-0.14	13.89
4	full	snp245	Chr7	23719258	C	T	0.786	additive	0.00109647819614319	2.96	3.21	-0.25	16.14
4	full	snp035	Chr1	76486675	A	G	0.786	additive	0.00269153480392692	2.57	3.21	-0.64	-13.79
4	full	snp309	Chr9	47187905	A	G	0.786	additive	0.00660693448007596	2.18	3.21	-1.03	13.28
4	full	snp029	Chr1	70697501	A	G	0.786	additive	0.00758577575029184	2.12	3.21	-1.09	13.77
4	full	snp001	Chr1	559640	A	G	0.786	additive	0.00933254300796992	2.03	3.21	-1.18	-10.9
4	full	snp147	Chr4	60611728	C	T	0.786	additive	0.00933254300796992	2.03	3.21	-1.18	-10
4	full	snp055	Chr2	27088040	C	T	0.786	additive	0.0123026877081238	1.91	3.21	-1.3	-10.58
4	full	snp318	Chr9	55948860	C	T	0.786	additive	0.0173780082874938	1.76	3.21	-1.45	-9.15
4	full	snp064	Chr2	35183791	A	G	0.786	additive	0.0177827941003892	1.75	3.21	-1.46	9.47
4	full	snp113	Chr3	48943709	C	T	0.786	additive	0.0354813389233576	1.45	3.21	-1.76	14.44
4	full	snp352	Chr11	2855044	C	T	0.786	additive	0.0398107170553497	1.4	3.21	-1.81	-10.12
4	full	snp202	Chr6	23814407	C	T	0.786	additive	0.0407380277804113	1.39	3.21	-1.82	14.84
4	full	snp254	Chr7	44649580	A	G	0.786	additive	0.0407380277804113	1.39	3.21	-1.82	8.93
4	full	snp349	Chr11	2568114	A	G	0.786	additive	0.0457088189614875	1.34	3.21	-1.87	-10.44
4	full	snp073	Chr2	42014714	A	G	0.786	additive	0.0501187233627272	1.3	3.21	-1.91	-7.77
4	full	snp328	Chr10	2468562	C	T	0.786	additive	0.0616595001861482	1.21	3.21	-2	-12.02
4	full	snp311	Chr9	48611285	A	G	0.786	additive	0.0616595001861482	1.21	3.21	-2	-8.07
4	full	snp099	Chr3	39198462	C	T	0.786	additive	0.0707945784384138	1.15	3.21	-2.06	8.17
4	full	snp255	Chr7	45539006	A	G	0.786	additive	0.0707945784384138	1.15	3.21	-2.06	7.15
4	full	snp387	Chr12	45972706	A	G	0.786	additive	0.0741310241300918	1.13	3.21	-2.08	11.72
4	full	snp144	Chr4	59829029	A	G	0.786	additive	0.0741310241300918	1.13	3.21	-2.08	-8.99
4	full	snp199	Chr6	7263350	A	G	0.786	additive	0.0776247116628692	1.11	3.21	-2.1	-7.07
4	full	snp285	Chr8	51263381	C	T	0.786	additive	0.0776247116628692	1.11	3.21	-2.1	13.25
4	full	snp205	Chr6	28621753	A	G	0.786	additive	0.0933254300796991	1.03	3.21	-2.18	6.67
4	full	snp004	Chr1	5431075	A	G	0.786	additive	0.10471285480509	0.98	3.21	-2.23	-6.95
4	full	snp222	Chr6	45245848	C	T	0.786	additive	0.10471285480509	0.98	3.21	-2.23	6.81
4	full	snp261	Chr7	52792715	C	T	0.786	additive	0.107151930523761	0.97	3.21	-2.24	7.93
4	full	snp321	Chr9	58956854	C	T	0.786	additive	0.112201845430196	0.95	3.21	-2.26	11.02
4	full	snp248	Chr7	39462012	A	G	0.786	additive	0.114815362149688	0.94	3.21	-2.27	-9.33
4	full	snp052	Chr2	15287033	A	G	0.786	additive	0.117489755493953	0.93	3.21	-2.28	7.72
4	full	snp329	Chr10	2532943	C	T	0.786	additive	0.120226443461741	0.92	3.21	-2.29	6.64
4	full	snp325	Chr9	61466245	A	G	0.786	additive	0.120226443461741	0.92	3.21	-2.29	-7.43
4	full	snp033	Chr1	75748919	A	G	0.786	additive	0.125892541179417	0.9	3.21	-2.31	8.82
4	full	snp313	Chr9	52148880	A	G	0.786	additive	0.125892541179417	0.9	3.21	-2.31	-8.06
4	full	snp054	Chr2	26771646	C	T	0.786	additive	0.128824955169313	0.89	3.21	-2.32	6.4
4	full	snp281	Chr8	40709666	A	G	0.786	additive	0.128824955169313	0.89	3.21	-2.32	-6.83
4	full	snp375	Chr11	41587582	A	G	0.786	additive	0.131825673855641	0.88	3.21	-2.33	6.53
4	full	snp067	Chr2	37890658	C	T	0.786	additive	0.131825673855641	0.88	3.21	-2.33	6.28
4	full	snp089	Chr3	10383457	A	G	0.786	additive	0.131825673855641	0.88	3.21	-2.33	-9.59
4	full	snp236	Chr7	3246279	C	T	0.786	additive	0.131825673855641	0.88	3.21	-2.33	11.23
4	full	snp026	Chr1	67735399	C	T	0.786	additive	0.141253754462275	0.85	3.21	-2.36	-6.63
4	full	snp209	Chr6	36883178	C	T	0.786	additive	0.141253754462275	0.85	3.21	-2.36	6.44
4	full	snp391	Chr12	51258447	C	T	0.786	additive	0.144543977074593	0.84	3.21	-2.37	-6.62
4	full	snp112	Chr3	48939821	C	T	0.786	additive	0.144543977074593	0.84	3.21	-2.37	6.46
4	full	snp284	Chr8	49620478	A	G	0.786	additive	0.144543977074593	0.84	3.21	-2.37	8.91
4	full	snp353	Chr11	6263603	A	G	0.786	additive	0.151356124843621	0.82	3.21	-2.39	6.08
4	full	snp240	Chr7	7139104	A	G	0.786	additive	0.151356124843621	0.82	3.21	-2.39	10.34
4	full	snp152	Chr4	65971751	C	T	0.786	additive	0.154881661891248	0.81	3.21	-2.4	-6.15
4	full	snp024	Chr1	67223836	C	T	0.786	additive	0.162181009735893	0.79	3.21	-2.42	6.44
4	full	snp175	Chr5	6626727	C	T	0.786	additive	0.162181009735893	0.79	3.21	-2.42	8.11
4	full	snp003	Chr1	4258451	A	G	0.786	additive	0.165958690743756	0.78	3.21	-2.43	5.89
4	full	snp335	Chr10	45944648	A	G	0.786	additive	0.165958690743756	0.78	3.21	-2.43	-5.48
4	full	snp370	Chr11	38030982	A	G	0.786	additive	0.169824365246174	0.77	3.21	-2.44	-5.75
4	full	snp305	Chr9	31988498	C	T	0.786	additive	0.169824365246174	0.77	3.21	-2.44	-5.94
4	full	snp315	Chr9	52519931	C	T	0.786	additive	0.169824365246174	0.77	3.21	-2.44	7.52
4	full	snp173	Chr5	4936332	C	T	0.786	additive	0.173780082874938	0.76	3.21	-2.45	-6.14
4	full	snp280	Chr8	39918766	C	T	0.786	additive	0.173780082874938	0.76	3.21	-2.45	-7.08
4	full	snp051	Chr2	11020073	A	G	0.786	additive	0.177827941003892	0.75	3.21	-2.46	6.13
4	full	snp041	Chr1	82629061	A	G	0.786	additive	0.181970085860998	0.74	3.21	-2.47	5.93
4	full	snp071	Chr2	39940755	A	G	0.786	additive	0.186208713666287	0.73	3.21	-2.48	-5.78
4	full	snp264	Chr7	54860473	A	G	0.786	additive	0.186208713666287	0.73	3.21	-2.48	-6.41
4	full	snp282	Chr8	43308600	A	G	0.786	additive	0.186208713666287	0.73	3.21	-2.48	8.63
4	full	snp307	Chr9	36646088	C	T	0.786	additive	0.194984459975805	0.71	3.21	-2.5	6.81
4	full	snp198	Chr6	6422832	C	T	0.786	additive	0.199526231496888	0.7	3.21	-2.51	4.82
4	full	snp008	Chr1	6587872	A	G	0.786	additive	0.204173794466953	0.69	3.21	-2.52	6.21
4	full	snp182	Chr5	32104744	A	G	0.786	additive	0.204173794466953	0.69	3.21	-2.52	-5.75
4	full	snp306	Chr9	33681501	C	T	0.786	additive	0.204173794466953	0.69	3.21	-2.52	6.21
4	full	snp125	Chr4	5513361	A	G	0.786	additive	0.208929613085404	0.68	3.21	-2.53	5.32
4	full	snp132	Chr4	9523778	A	G	0.786	additive	0.213796208950223	0.67	3.21	-2.54	-5.92
4	full	snp168	Chr5	412134	A	G	0.786	additive	0.213796208950223	0.67	3.21	-2.54	5.41
4	full	snp178	Chr5	11157517	A	G	0.786	additive	0.213796208950223	0.67	3.21	-2.54	5.73
4	full	snp343	Chr10	52002272	A	G	0.786	additive	0.223872113856834	0.65	3.21	-2.56	5.44
4	full	snp217	Chr6	40585733	C	T	0.786	additive	0.223872113856834	0.65	3.21	-2.56	5.17
4	full	snp102	Chr3	43326959	A	G	0.786	additive	0.229086765276777	0.64	3.21	-2.57	7.9
4	full	snp308	Chr9	40416304	A	G	0.786	additive	0.229086765276777	0.64	3.21	-2.57	4.87
4	full	snp324	Chr9	61466189	C	T	0.786	additive	0.229086765276777	0.64	3.21	-2.57	-7.33
4	full	snp030	Chr1	74688218	A	G	0.786	additive	0.234422881531992	0.63	3.21	-2.58	-4.41
4	full	snp165	Chr5	65301	A	G	0.786	additive	0.234422881531992	0.63	3.21	-2.58	-5.44
4	full	snp253	Chr7	43121933	C	T	0.786	additive	0.239883291901949	0.62	3.21	-2.59	5.8
4	full	snp270	Chr8	20584401	A	G	0.786	additive	0.239883291901949	0.62	3.21	-2.59	4.92
4	full	snp376	Chr11	45059903	A	G	0.786	additive	0.245470891568503	0.61	3.21	-2.6	5.97
4	full	snp358	Chr11	9631209	C	T	0.786	additive	0.269153480392692	0.57	3.21	-2.64	-4.91
4	full	snp115	Chr3	52406533	A	G	0.786	additive	0.269153480392692	0.57	3.21	-2.64	-4.96
4	full	snp347	Chr11	175478	C	T	0.786	additive	0.275422870333817	0.56	3.21	-2.65	-4.28
4	full	snp355	Chr11	8281368	C	T	0.786	additive	0.275422870333817	0.56	3.21	-2.65	4.34
4	full	snp384	Chr12	24386805	C	T	0.786	additive	0.275422870333817	0.56	3.21	-2.65	-4.7
4	full	snp068	Chr2	38619974	C	T	0.786	additive	0.275422870333817	0.56	3.21	-2.65	4.45
4	full	snp194	Chr6	410471	A	G	0.786	additive	0.275422870333817	0.56	3.21	-2.65	-5.96
4	full	snp206	Chr6	30379521	C	T	0.786	additive	0.275422870333817	0.56	3.21	-2.65	6.72
4	full	snp027	Chr1	67969608	A	G	0.786	additive	0.288403150312661	0.54	3.21	-2.67	5.26
4	full	snp389	Chr12	48167367	A	G	0.786	additive	0.288403150312661	0.54	3.21	-2.67	-4.22
4	full	snp154	Chr4	69050482	A	G	0.786	additive	0.288403150312661	0.54	3.21	-2.67	4.44
4	full	snp197	Chr6	5850803	C	T	0.786	additive	0.288403150312661	0.54	3.21	-2.67	-4.44
4	full	snp265	Chr7	54961836	C	T	0.786	additive	0.288403150312661	0.54	3.21	-2.67	-7.42
4	full	snp292	Chr9	544137	A	G	0.786	additive	0.288403150312661	0.54	3.21	-2.67	-4.42
4	full	snp300	Chr9	8051081	A	G	0.786	additive	0.288403150312661	0.54	3.21	-2.67	-7.66
4	full	snp010	Chr1	13546944	A	G	0.786	additive	0.301995172040202	0.52	3.21	-2.69	-6.94
4	full	snp371	Chr11	38233533	A	G	0.786	additive	0.301995172040202	0.52	3.21	-2.69	-5.05
4	full	snp140	Chr4	52890220	C	T	0.786	additive	0.301995172040202	0.52	3.21	-2.69	4.53
4	full	snp220	Chr6	42803263	C	T	0.786	additive	0.301995172040202	0.52	3.21	-2.69	4.7
4	full	snp201	Chr6	11224953	C	T	0.786	additive	0.309029543251359	0.51	3.21	-2.7	-5.28
4	full	snp221	Chr6	44119412	C	T	0.786	additive	0.309029543251359	0.51	3.21	-2.7	-4.9
4	full	snp076	Chr2	45695531	A	G	0.786	additive	0.316227766016838	0.5	3.21	-2.71	-5.78
4	full	snp101	Chr3	39255236	C	T	0.786	additive	0.316227766016838	0.5	3.21	-2.71	4.18
4	full	snp158	Chr4	70396887	C	T	0.786	additive	0.316227766016838	0.5	3.21	-2.71	5.9
4	full	snp188	Chr5	47535067	A	G	0.786	additive	0.316227766016838	0.5	3.21	-2.71	-4.1
4	full	snp203	Chr6	23933179	A	G	0.786	additive	0.316227766016838	0.5	3.21	-2.71	-4.01
4	full	snp180	Chr5	18295841	C	T	0.786	additive	0.323593656929628	0.49	3.21	-2.72	3.99
4	full	snp229	Chr6	53677960	C	T	0.786	additive	0.323593656929628	0.49	3.21	-2.72	-6.35
4	full	snp142	Chr4	58830957	C	T	0.786	additive	0.331131121482591	0.48	3.21	-2.73	5.89
4	full	snp016	Chr1	54480881	A	G	0.786	additive	0.338844156139203	0.47	3.21	-2.74	4.27
4	full	snp025	Chr1	67459462	C	T	0.786	additive	0.338844156139203	0.47	3.21	-2.74	4.1
4	full	snp337	Chr10	45945875	A	G	0.786	additive	0.338844156139203	0.47	3.21	-2.74	-4.3
4	full	snp372	Chr11	39420222	A	G	0.786	additive	0.338844156139203	0.47	3.21	-2.74	4.12
4	full	snp117	Chr3	53434069	C	T	0.786	additive	0.338844156139203	0.47	3.21	-2.74	-4.52
4	full	snp235	Chr7	1947499	C	T	0.786	additive	0.338844156139203	0.47	3.21	-2.74	-4.4
4	full	snp363	Chr11	18371142	A	G	0.786	additive	0.346736850452532	0.46	3.21	-2.75	6.79
4	full	snp241	Chr7	8518170	A	G	0.786	additive	0.346736850452532	0.46	3.21	-2.75	-7.26
4	full	snp346	Chr10	59236087	A	G	0.786	additive	0.354813389233575	0.45	3.21	-2.76	4.01
4	full	snp172	Chr5	2288291	A	G	0.786	additive	0.354813389233575	0.45	3.21	-2.76	-7.31
4	full	snp243	Chr7	10836630	A	G	0.786	additive	0.354813389233575	0.45	3.21	-2.76	-3.97
4	full	snp111	Chr3	46265431	A	G	0.786	additive	0.363078054770101	0.44	3.21	-2.77	-5.62
4	full	snp167	Chr5	389065	C	T	0.786	additive	0.363078054770101	0.44	3.21	-2.77	-3.92
4	full	snp298	Chr9	5326794	A	G	0.786	additive	0.363078054770101	0.44	3.21	-2.77	4.45
4	full	snp330	Chr10	3340707	C	T	0.786	additive	0.371535229097173	0.43	3.21	-2.78	-3.88
4	full	snp149	Chr4	64775857	C	T	0.786	additive	0.371535229097173	0.43	3.21	-2.78	4.03
4	full	snp277	Chr8	37469946	C	T	0.786	additive	0.371535229097173	0.43	3.21	-2.78	5.2
4	full	snp293	Chr9	778420	A	G	0.786	additive	0.371535229097173	0.43	3.21	-2.78	-4.31
4	full	snp081	Chr2	47326485	C	T	0.786	additive	0.380189396320561	0.42	3.21	-2.79	7.41
4	full	snp083	Chr3	3014625	C	T	0.786	additive	0.380189396320561	0.42	3.21	-2.79	-3.81
4	full	snp105	Chr3	44751875	C	T	0.786	additive	0.380189396320561	0.42	3.21	-2.79	-3.69
4	full	snp157	Chr4	69830197	A	G	0.786	additive	0.380189396320561	0.42	3.21	-2.79	3.34
4	full	snp181	Chr5	20273756	A	G	0.786	additive	0.380189396320561	0.42	3.21	-2.79	3.58
4	full	snp183	Chr5	32680860	C	T	0.786	additive	0.380189396320561	0.42	3.21	-2.79	3.78
4	full	snp108	Chr3	45388939	C	T	0.786	additive	0.389045144994281	0.41	3.21	-2.8	4.84
4	full	snp213	Chr6	38211153	A	G	0.786	additive	0.389045144994281	0.41	3.21	-2.8	3.71
4	full	snp320	Chr9	58240294	A	G	0.786	additive	0.389045144994281	0.41	3.21	-2.8	-6.53
4	full	snp364	Chr11	20363077	C	T	0.786	additive	0.398107170553497	0.4	3.21	-2.81	-4.14
4	full	snp365	Chr11	27944708	C	T	0.786	additive	0.398107170553497	0.4	3.21	-2.81	-3.55
4	full	snp074	Chr2	42474431	A	G	0.786	additive	0.398107170553497	0.4	3.21	-2.81	-5.03
4	full	snp226	Chr6	50470736	A	G	0.786	additive	0.398107170553497	0.4	3.21	-2.81	3.63
4	full	snp296	Chr9	4089445	C	T	0.786	additive	0.398107170553497	0.4	3.21	-2.81	4.09
4	full	snp037	Chr1	79157411	C	T	0.786	additive	0.407380277804113	0.39	3.21	-2.82	-3.38
4	full	snp038	Chr1	80228612	C	T	0.786	additive	0.416869383470335	0.38	3.21	-2.83	3.37
4	full	snp369	Chr11	37282351	A	G	0.786	additive	0.416869383470335	0.38	3.21	-2.83	3.95
4	full	snp090	Chr3	13584242	C	T	0.786	additive	0.416869383470335	0.38	3.21	-2.83	4.18
4	full	snp210	Chr6	36883186	C	T	0.786	additive	0.416869383470335	0.38	3.21	-2.83	4.32
4	full	snp002	Chr1	1838864	C	T	0.786	additive	0.426579518801593	0.37	3.21	-2.84	2.92
4	full	snp043	Chr1	86090282	A	G	0.786	additive	0.426579518801593	0.37	3.21	-2.84	3.44
4	full	snp232	Chr6	57870758	C	T	0.786	additive	0.426579518801593	0.37	3.21	-2.84	3.48
4	full	snp013	Chr1	34098278	A	G	0.786	additive	0.436515832240166	0.36	3.21	-2.85	-4.91
4	full	snp019	Chr1	65694481	C	T	0.786	additive	0.436515832240166	0.36	3.21	-2.85	-3.31
4	full	snp058	Chr2	29922863	C	T	0.786	additive	0.436515832240166	0.36	3.21	-2.85	-4.51
4	full	snp212	Chr6	37969924	A	G	0.786	additive	0.436515832240166	0.36	3.21	-2.85	-3.13
4	full	snp333	Chr10	32862744	A	G	0.786	additive	0.457088189614875	0.34	3.21	-2.87	5.16
4	full	snp171	Chr5	2037634	A	G	0.786	additive	0.457088189614875	0.34	3.21	-2.87	-3.12
4	full	snp323	Chr9	59300365	A	G	0.786	additive	0.457088189614875	0.34	3.21	-2.87	-3.97
4	full	snp015	Chr1	44702400	C	T	0.786	additive	0.467735141287198	0.33	3.21	-2.88	3.09
4	full	snp118	Chr3	53436559	C	T	0.786	additive	0.467735141287198	0.33	3.21	-2.88	4.6
4	full	snp196	Chr6	5849720	C	T	0.786	additive	0.467735141287198	0.33	3.21	-2.88	4.31
4	full	snp271	Chr8	20914799	A	G	0.786	additive	0.467735141287198	0.33	3.21	-2.88	4.47
4	full	snp075	Chr2	44458261	C	T	0.786	additive	0.478630092322638	0.32	3.21	-2.89	3.17
4	full	snp084	Chr3	3673234	A	G	0.786	additive	0.478630092322638	0.32	3.21	-2.89	-3.43
4	full	snp097	Chr3	37493452	A	G	0.786	additive	0.478630092322638	0.32	3.21	-2.89	3.27
4	full	snp039	Chr1	80560392	A	G	0.786	additive	0.489778819368446	0.31	3.21	-2.9	2.91
4	full	snp367	Chr11	31440813	A	G	0.786	additive	0.489778819368446	0.31	3.21	-2.9	3.06
4	full	snp061	Chr2	30147347	A	G	0.786	additive	0.489778819368446	0.31	3.21	-2.9	5.05
4	full	snp288	Chr8	55137894	C	T	0.786	additive	0.489778819368446	0.31	3.21	-2.9	-2.61
4	full	snp316	Chr9	53091476	C	T	0.786	additive	0.489778819368446	0.31	3.21	-2.9	2.79
4	full	snp005	Chr1	6071917	C	T	0.786	additive	0.501187233627272	0.3	3.21	-2.91	2.48
4	full	snp381	Chr12	4189099	A	G	0.786	additive	0.501187233627272	0.3	3.21	-2.91	-4.57
4	full	snp107	Chr3	45386311	A	G	0.786	additive	0.501187233627272	0.3	3.21	-2.91	2.81
4	full	snp138	Chr4	48610397	C	T	0.786	additive	0.501187233627272	0.3	3.21	-2.91	-5.11
4	full	snp159	Chr4	70939324	C	T	0.786	additive	0.501187233627272	0.3	3.21	-2.91	-5.09
4	full	snp066	Chr2	37438491	C	T	0.786	additive	0.512861383991365	0.29	3.21	-2.92	-2.53
4	full	snp189	Chr5	48410057	C	T	0.786	additive	0.512861383991365	0.29	3.21	-2.92	3.94
4	full	snp258	Chr7	47693809	C	T	0.786	additive	0.512861383991365	0.29	3.21	-2.92	3.56
4	full	snp279	Chr8	39591478	A	G	0.786	additive	0.512861383991365	0.29	3.21	-2.92	-2.9
4	full	snp040	Chr1	81410256	C	T	0.786	additive	0.524807460249773	0.28	3.21	-2.93	-2.93
4	full	snp332	Chr10	5992298	A	G	0.786	additive	0.524807460249773	0.28	3.21	-2.93	2.68
4	full	snp137	Chr4	46394596	A	G	0.786	additive	0.524807460249773	0.28	3.21	-2.93	-2.9
4	full	snp297	Chr9	4889182	C	T	0.786	additive	0.524807460249773	0.28	3.21	-2.93	-3.1
4	full	snp392	Chr12	51886194	C	T	0.786	additive	0.537031796370253	0.27	3.21	-2.94	-3.99
4	full	snp057	Chr2	29861092	A	G	0.786	additive	0.537031796370253	0.27	3.21	-2.94	4.97
4	full	snp193	Chr6	410240	C	T	0.786	additive	0.537031796370253	0.27	3.21	-2.94	3.2
4	full	snp260	Chr7	51452856	A	G	0.786	additive	0.537031796370253	0.27	3.21	-2.94	2.9
4	full	snp287	Chr8	54357787	A	G	0.786	additive	0.537031796370253	0.27	3.21	-2.94	4.2
4	full	snp317	Chr9	54956475	A	G	0.786	additive	0.537031796370253	0.27	3.21	-2.94	3.01
4	full	snp374	Chr11	40777853	C	T	0.786	additive	0.549540873857625	0.26	3.21	-2.95	3.04
4	full	snp379	Chr12	3145554	A	G	0.786	additive	0.549540873857625	0.26	3.21	-2.95	-3.69
4	full	snp385	Chr12	35283808	A	G	0.786	additive	0.549540873857625	0.26	3.21	-2.95	3.82
4	full	snp394	Chr12	57276056	C	T	0.786	additive	0.549540873857625	0.26	3.21	-2.95	-2.26
4	full	snp078	Chr2	46986482	C	T	0.786	additive	0.549540873857625	0.26	3.21	-2.95	3.3
4	full	snp230	Chr6	53846625	C	T	0.786	additive	0.549540873857625	0.26	3.21	-2.95	2.48
4	full	snp251	Chr7	41721335	A	G	0.786	additive	0.549540873857625	0.26	3.21	-2.95	-2.17
4	full	snp272	Chr8	25466185	C	T	0.786	additive	0.549540873857625	0.26	3.21	-2.95	2.63
4	full	snp327	Chr10	1204144	C	T	0.786	additive	0.562341325190349	0.25	3.21	-2.96	-2.67
4	full	snp390	Chr12	48851340	A	G	0.786	additive	0.562341325190349	0.25	3.21	-2.96	-2.24
4	full	snp174	Chr5	6625039	C	T	0.786	additive	0.562341325190349	0.25	3.21	-2.96	-2.79
4	full	snp266	Chr8	2903601	C	T	0.786	additive	0.562341325190349	0.25	3.21	-2.96	2.65
4	full	snp336	Chr10	45944879	A	G	0.786	additive	0.575439937337157	0.24	3.21	-2.97	2.74
4	full	snp373	Chr11	39911672	A	G	0.786	additive	0.575439937337157	0.24	3.21	-2.97	2.78
4	full	snp106	Chr3	44752567	A	G	0.786	additive	0.575439937337157	0.24	3.21	-2.97	2.66
4	full	snp169	Chr5	694091	A	G	0.786	additive	0.575439937337157	0.24	3.21	-2.97	-3.11
4	full	snp224	Chr6	48879137	A	G	0.786	additive	0.575439937337157	0.24	3.21	-2.97	-2.64
4	full	snp262	Chr7	53104327	A	G	0.786	additive	0.575439937337157	0.24	3.21	-2.97	-2.2
4	full	snp031	Chr1	74741574	A	G	0.786	additive	0.588843655355589	0.23	3.21	-2.98	-2.07
4	full	snp342	Chr10	51926832	C	T	0.786	additive	0.588843655355589	0.23	3.21	-2.98	-2.9
4	full	snp382	Chr12	6701031	A	G	0.786	additive	0.588843655355589	0.23	3.21	-2.98	2.24
4	full	snp393	Chr12	53792920	A	G	0.786	additive	0.588843655355589	0.23	3.21	-2.98	3.04
4	full	snp053	Chr2	26744045	A	G	0.786	additive	0.588843655355589	0.23	3.21	-2.98	-2.82
4	full	snp060	Chr2	29929772	A	G	0.786	additive	0.588843655355589	0.23	3.21	-2.98	-2.17
4	full	snp207	Chr6	30443070	A	G	0.786	additive	0.588843655355589	0.23	3.21	-2.98	-4.46
4	full	snp208	Chr6	36881092	C	T	0.786	additive	0.588843655355589	0.23	3.21	-2.98	4.63
4	full	snp268	Chr8	9558581	A	G	0.786	additive	0.588843655355589	0.23	3.21	-2.98	-2.55
4	full	snp283	Chr8	48085423	C	T	0.786	additive	0.588843655355589	0.23	3.21	-2.98	2.71
4	full	snp069	Chr2	38654150	A	G	0.786	additive	0.602559586074358	0.22	3.21	-2.99	-2.54
4	full	snp086	Chr3	4670814	C	T	0.786	additive	0.602559586074358	0.22	3.21	-2.99	-2.17
4	full	snp135	Chr4	37632181	A	G	0.786	additive	0.602559586074358	0.22	3.21	-2.99	-2.64
4	full	snp143	Chr4	58951832	A	G	0.786	additive	0.602559586074358	0.22	3.21	-2.99	-1.97
4	full	snp216	Chr6	39539088	C	T	0.786	additive	0.602559586074358	0.22	3.21	-2.99	-2.59
4	full	snp021	Chr1	66259225	C	T	0.786	additive	0.616595001861482	0.21	3.21	-3	-1.99
4	full	snp034	Chr1	76304506	A	G	0.786	additive	0.616595001861482	0.21	3.21	-3	2.18
4	full	snp334	Chr10	43663898	A	G	0.786	additive	0.616595001861482	0.21	3.21	-3	-2.16
4	full	snp062	Chr2	31060140	A	G	0.786	additive	0.616595001861482	0.21	3.21	-3	2.65
4	full	snp065	Chr2	36365652	C	T	0.786	additive	0.616595001861482	0.21	3.21	-3	-2.17
4	full	snp126	Chr4	7368483	C	T	0.786	additive	0.616595001861482	0.21	3.21	-3	-2.19
4	full	snp184	Chr5	34686144	A	G	0.786	additive	0.616595001861482	0.21	3.21	-3	-2.3
4	full	snp211	Chr6	37602140	A	G	0.786	additive	0.616595001861482	0.21	3.21	-3	-3.75
4	full	snp046	Chr1	87196723	C	T	0.786	additive	0.630957344480193	0.2	3.21	-3.01	2.51
4	full	snp326	Chr10	139451	A	G	0.786	additive	0.630957344480193	0.2	3.21	-3.01	-2.01
4	full	snp356	Chr11	9271305	A	G	0.786	additive	0.630957344480193	0.2	3.21	-3.01	-2.11
4	full	snp388	Chr12	47233586	A	G	0.786	additive	0.630957344480193	0.2	3.21	-3.01	-2.19
4	full	snp088	Chr3	9971288	A	G	0.786	additive	0.630957344480193	0.2	3.21	-3.01	2.09
4	full	snp119	Chr3	57407195	C	T	0.786	additive	0.630957344480193	0.2	3.21	-3.01	-1.89
4	full	snp186	Chr5	45359901	A	G	0.786	additive	0.630957344480193	0.2	3.21	-3.01	-2.21
4	full	snp291	Chr9	213976	C	T	0.786	additive	0.630957344480193	0.2	3.21	-3.01	2.66
4	full	snp383	Chr12	19181173	C	T	0.786	additive	0.645654229034656	0.19	3.21	-3.02	3.57
4	full	snp096	Chr3	34432175	A	G	0.786	additive	0.645654229034656	0.19	3.21	-3.02	-1.78
4	full	snp238	Chr7	3894388	A	G	0.786	additive	0.645654229034656	0.19	3.21	-3.02	1.86
4	full	snp269	Chr8	19348560	C	T	0.786	additive	0.645654229034656	0.19	3.21	-3.02	-1.92
4	full	snp301	Chr9	12790782	C	T	0.786	additive	0.645654229034656	0.19	3.21	-3.02	-3.73
4	full	snp085	Chr3	3779370	C	T	0.786	additive	0.660693448007596	0.18	3.21	-3.03	1.73
4	full	snp087	Chr3	5430430	C	T	0.786	additive	0.660693448007596	0.18	3.21	-3.03	-1.89
4	full	snp095	Chr3	25742118	C	T	0.786	additive	0.660693448007596	0.18	3.21	-3.03	2.4
4	full	snp127	Chr4	7546310	A	G	0.786	additive	0.660693448007596	0.18	3.21	-3.03	1.87
4	full	snp145	Chr4	60133081	C	T	0.786	additive	0.660693448007596	0.18	3.21	-3.03	-2.23
4	full	snp233	Chr6	58259275	C	T	0.786	additive	0.660693448007596	0.18	3.21	-3.03	-1.76
4	full	snp319	Chr9	57422065	C	T	0.786	additive	0.660693448007596	0.18	3.21	-3.03	1.69
4	full	snp042	Chr1	84214593	C	T	0.786	additive	0.676082975391982	0.17	3.21	-3.04	2.78
4	full	snp124	Chr4	3872265	C	T	0.786	additive	0.676082975391982	0.17	3.21	-3.04	1.78
4	full	snp156	Chr4	69323144	A	G	0.786	additive	0.676082975391982	0.17	3.21	-3.04	-2.43
4	full	snp170	Chr5	1413816	C	T	0.786	additive	0.676082975391982	0.17	3.21	-3.04	-1.67
4	full	snp274	Chr8	32239155	C	T	0.786	additive	0.676082975391982	0.17	3.21	-3.04	1.83
4	full	snp014	Chr1	41947383	A	G	0.786	additive	0.691830970918937	0.16	3.21	-3.05	-1.66
4	full	snp360	Chr11	10505722	C	T	0.786	additive	0.691830970918937	0.16	3.21	-3.05	-1.97
4	full	snp361	Chr11	14775651	A	G	0.786	additive	0.691830970918937	0.16	3.21	-3.05	-1.93
4	full	snp072	Chr2	41911640	C	T	0.786	additive	0.691830970918937	0.16	3.21	-3.05	-1.9
4	full	snp276	Chr8	35731349	A	G	0.786	additive	0.691830970918937	0.16	3.21	-3.05	2.39
4	full	snp278	Chr8	39257196	C	T	0.786	additive	0.691830970918937	0.16	3.21	-3.05	2.11
4	full	snp331	Chr10	4663315	C	T	0.786	additive	0.707945784384138	0.15	3.21	-3.06	-1.7
4	full	snp340	Chr10	48165825	C	T	0.786	additive	0.707945784384138	0.15	3.21	-3.06	1.64
4	full	snp377	Chr12	279074	C	T	0.786	additive	0.707945784384138	0.15	3.21	-3.06	-2.01
4	full	snp050	Chr2	8202528	C	T	0.786	additive	0.707945784384138	0.15	3.21	-3.06	-1.68
4	full	snp082	Chr3	1541622	C	T	0.786	additive	0.707945784384138	0.15	3.21	-3.06	-1.94
4	full	snp104	Chr3	44510670	A	G	0.786	additive	0.707945784384138	0.15	3.21	-3.06	2.37
4	full	snp123	Chr4	745614	C	T	0.786	additive	0.707945784384138	0.15	3.21	-3.06	-1.96
4	full	snp228	Chr6	52948131	C	T	0.786	additive	0.707945784384138	0.15	3.21	-3.06	-1.73
4	full	snp239	Chr7	4874743	A	G	0.786	additive	0.707945784384138	0.15	3.21	-3.06	-1.51
4	full	snp304	Chr9	24775960	C	T	0.786	additive	0.707945784384138	0.15	3.21	-3.06	1.56
4	full	snp018	Chr1	58567030	C	T	0.786	additive	0.72443596007499	0.14	3.21	-3.07	-1.71
4	full	snp094	Chr3	19813675	A	G	0.786	additive	0.72443596007499	0.14	3.21	-3.07	1.55
4	full	snp130	Chr4	9203540	A	G	0.786	additive	0.72443596007499	0.14	3.21	-3.07	-1.77
4	full	snp153	Chr4	68734083	C	T	0.786	additive	0.72443596007499	0.14	3.21	-3.07	1.91
4	full	snp161	Chr4	71591902	A	G	0.786	additive	0.72443596007499	0.14	3.21	-3.07	2.24
4	full	snp214	Chr6	38211208	C	T	0.786	additive	0.72443596007499	0.14	3.21	-3.07	1.43
4	full	snp223	Chr6	46612395	C	T	0.786	additive	0.72443596007499	0.14	3.21	-3.07	-1.84
4	full	snp357	Chr11	9376833	C	T	0.786	additive	0.741310241300917	0.13	3.21	-3.08	-2.62
4	full	snp059	Chr2	29922906	A	G	0.786	additive	0.741310241300917	0.13	3.21	-3.08	-1.95
4	full	snp080	Chr2	47325275	C	T	0.786	additive	0.741310241300917	0.13	3.21	-3.08	1.89
4	full	snp191	Chr5	49736422	C	T	0.786	additive	0.741310241300917	0.13	3.21	-3.08	-1.63
4	full	snp192	Chr5	51998374	C	T	0.786	additive	0.741310241300917	0.13	3.21	-3.08	-2.4
4	full	snp225	Chr6	50344399	A	G	0.786	additive	0.741310241300917	0.13	3.21	-3.08	-1.23
4	full	snp252	Chr7	42602137	C	T	0.786	additive	0.741310241300917	0.13	3.21	-3.08	-1.31
4	full	snp020	Chr1	66093982	A	G	0.786	additive	0.758577575029184	0.12	3.21	-3.09	1.51
4	full	snp077	Chr2	46384291	C	T	0.786	additive	0.758577575029184	0.12	3.21	-3.09	1.27
4	full	snp136	Chr4	45356695	A	G	0.786	additive	0.758577575029184	0.12	3.21	-3.09	-1.28
4	full	snp162	Chr4	71593900	C	T	0.786	additive	0.758577575029184	0.12	3.21	-3.09	-2.13
4	full	snp234	Chr7	1002101	A	G	0.786	additive	0.758577575029184	0.12	3.21	-3.09	1.94
4	full	snp242	Chr7	10836316	A	G	0.786	additive	0.758577575029184	0.12	3.21	-3.09	1.21
4	full	snp256	Chr7	45814156	A	G	0.786	additive	0.758577575029184	0.12	3.21	-3.09	1.14
4	full	snp273	Chr8	28480587	A	G	0.786	additive	0.758577575029184	0.12	3.21	-3.09	1.27
4	full	snp295	Chr9	2081488	A	G	0.786	additive	0.758577575029184	0.12	3.21	-3.09	1.45
4	full	snp017	Chr1	55163677	C	T	0.786	additive	0.776247116628692	0.11	3.21	-3.1	1.21
4	full	snp092	Chr3	17668710	A	G	0.786	additive	0.776247116628692	0.11	3.21	-3.1	-2.33
4	full	snp098	Chr3	38435099	A	G	0.786	additive	0.776247116628692	0.11	3.21	-3.1	1.13
4	full	snp128	Chr4	8176305	C	T	0.786	additive	0.776247116628692	0.11	3.21	-3.1	-1.13
4	full	snp141	Chr4	57899561	C	T	0.786	additive	0.776247116628692	0.11	3.21	-3.1	1.08
4	full	snp275	Chr8	35651378	C	T	0.786	additive	0.776247116628692	0.11	3.21	-3.1	1.39
4	full	snp036	Chr1	78663168	A	G	0.786	additive	0.794328234724281	0.1	3.21	-3.11	-2.12
4	full	snp368	Chr11	32948117	A	G	0.786	additive	0.794328234724281	0.1	3.21	-3.11	1.18
4	full	snp380	Chr12	3747051	C	T	0.786	additive	0.794328234724281	0.1	3.21	-3.11	-1.17
4	full	snp148	Chr4	61102521	C	T	0.786	additive	0.794328234724281	0.1	3.21	-3.11	-1.31
4	full	snp176	Chr5	7741542	C	T	0.786	additive	0.794328234724281	0.1	3.21	-3.11	1.18
4	full	snp294	Chr9	1556721	A	G	0.786	additive	0.794328234724281	0.1	3.21	-3.11	1.41
4	full	snp006	Chr1	6143327	A	G	0.786	additive	0.812830516164099	0.09	3.21	-3.12	-1.75
4	full	snp023	Chr1	67221911	C	T	0.786	additive	0.812830516164099	0.09	3.21	-3.12	1.08
4	full	snp044	Chr1	86527570	C	T	0.786	additive	0.812830516164099	0.09	3.21	-3.12	1.52
4	full	snp047	Chr1	87463611	C	T	0.786	additive	0.812830516164099	0.09	3.21	-3.12	-0.96
4	full	snp338	Chr10	47109426	A	G	0.786	additive	0.812830516164099	0.09	3.21	-3.12	0.98
4	full	snp348	Chr11	1775392	A	G	0.786	additive	0.812830516164099	0.09	3.21	-3.12	-1.35
4	full	snp378	Chr12	823935	A	G	0.786	additive	0.812830516164099	0.09	3.21	-3.12	1.11
4	full	snp386	Chr12	40126341	A	G	0.786	additive	0.812830516164099	0.09	3.21	-3.12	1.11
4	full	snp079	Chr2	47302372	C	T	0.786	additive	0.812830516164099	0.09	3.21	-3.12	-1.91
4	full	snp286	Chr8	53929159	A	G	0.786	additive	0.812830516164099	0.09	3.21	-3.12	1
4	full	snp303	Chr9	18826247	A	G	0.786	additive	0.812830516164099	0.09	3.21	-3.12	-1.53
4	full	snp028	Chr1	70097516	C	T	0.786	additive	0.831763771102671	0.08	3.21	-3.13	-0.93
4	full	snp351	Chr11	2725104	A	G	0.786	additive	0.831763771102671	0.08	3.21	-3.13	-1.35
4	full	snp312	Chr9	51578211	C	T	0.786	additive	0.831763771102671	0.08	3.21	-3.13	-1.2
4	full	snp045	Chr1	87096729	A	G	0.786	additive	0.851138038202376	0.07	3.21	-3.14	1.22
4	full	snp395	Chr12	59870038	A	G	0.786	additive	0.851138038202376	0.07	3.21	-3.14	-0.76
4	full	snp049	Chr2	7830631	A	G	0.786	additive	0.851138038202376	0.07	3.21	-3.14	0.93
4	full	snp100	Chr3	39198646	A	G	0.786	additive	0.851138038202376	0.07	3.21	-3.14	-0.91
4	full	snp110	Chr3	45979293	A	G	0.786	additive	0.851138038202376	0.07	3.21	-3.14	-1.42
4	full	snp120	Chr3	57407502	C	T	0.786	additive	0.851138038202376	0.07	3.21	-3.14	-1.48
4	full	snp166	Chr5	291556	C	T	0.786	additive	0.851138038202376	0.07	3.21	-3.14	0.97
4	full	snp227	Chr6	52859976	C	T	0.786	additive	0.851138038202376	0.07	3.21	-3.14	1.26
4	full	snp246	Chr7	36278447	C	T	0.786	additive	0.851138038202376	0.07	3.21	-3.14	-1.41
4	full	snp012	Chr1	31088895	A	G	0.786	additive	0.870963589956081	0.06	3.21	-3.15	-0.68
4	full	snp341	Chr10	48808653	C	T	0.786	additive	0.870963589956081	0.06	3.21	-3.15	-1.28
4	full	snp359	Chr11	10341806	C	T	0.786	additive	0.870963589956081	0.06	3.21	-3.15	0.62
4	full	snp048	Chr2	7050714	C	T	0.786	additive	0.870963589956081	0.06	3.21	-3.15	0.76
4	full	snp056	Chr2	27088240	C	T	0.786	additive	0.870963589956081	0.06	3.21	-3.15	-1.15
4	full	snp063	Chr2	32671241	C	T	0.786	additive	0.870963589956081	0.06	3.21	-3.15	0.64
4	full	snp116	Chr3	53203226	C	T	0.786	additive	0.870963589956081	0.06	3.21	-3.15	-0.77
4	full	snp160	Chr4	71076408	C	T	0.786	additive	0.870963589956081	0.06	3.21	-3.15	1.05
4	full	snp177	Chr5	9144438	A	G	0.786	additive	0.870963589956081	0.06	3.21	-3.15	-0.87
4	full	snp179	Chr5	18167048	C	T	0.786	additive	0.870963589956081	0.06	3.21	-3.15	0.67
4	full	snp195	Chr6	2270659	A	G	0.786	additive	0.870963589956081	0.06	3.21	-3.15	0.57
4	full	snp257	Chr7	46816703	A	G	0.786	additive	0.870963589956081	0.06	3.21	-3.15	-0.67
4	full	snp032	Chr1	75007219	A	G	0.786	additive	0.891250938133746	0.05	3.21	-3.16	-0.67
4	full	snp344	Chr10	52262224	C	T	0.786	additive	0.891250938133746	0.05	3.21	-3.16	-0.62
4	full	snp093	Chr3	18052893	C	T	0.786	additive	0.891250938133746	0.05	3.21	-3.16	-0.6
4	full	snp103	Chr3	44336061	A	G	0.786	additive	0.891250938133746	0.05	3.21	-3.16	0.57
4	full	snp122	Chr3	61870684	A	G	0.786	additive	0.891250938133746	0.05	3.21	-3.16	-0.61
4	full	snp129	Chr4	8209896	A	G	0.786	additive	0.891250938133746	0.05	3.21	-3.16	0.74
4	full	snp204	Chr6	27490699	C	T	0.786	additive	0.891250938133746	0.05	3.21	-3.16	-0.7
4	full	snp249	Chr7	39598602	A	G	0.786	additive	0.891250938133746	0.05	3.21	-3.16	-0.71
4	full	snp263	Chr7	54045144	C	T	0.786	additive	0.891250938133746	0.05	3.21	-3.16	0.52
4	full	snp267	Chr8	3914208	C	T	0.786	additive	0.891250938133746	0.05	3.21	-3.16	-0.68
4	full	snp289	Chr8	55254403	A	G	0.786	additive	0.891250938133746	0.05	3.21	-3.16	-0.85
4	full	snp299	Chr9	6722333	C	T	0.786	additive	0.891250938133746	0.05	3.21	-3.16	-0.6
4	full	snp322	Chr9	58997370	A	G	0.786	additive	0.891250938133746	0.05	3.21	-3.16	-0.6
4	full	snp022	Chr1	67211029	A	G	0.786	additive	0.91201083935591	0.04	3.21	-3.17	0.49
4	full	snp339	Chr10	48073593	A	G	0.786	additive	0.91201083935591	0.04	3.21	-3.17	-0.51
4	full	snp350	Chr11	2580985	C	T	0.786	additive	0.91201083935591	0.04	3.21	-3.17	0.51
4	full	snp121	Chr3	59769294	A	G	0.786	additive	0.91201083935591	0.04	3.21	-3.17	0.81
4	full	snp131	Chr4	9276117	A	G	0.786	additive	0.91201083935591	0.04	3.21	-3.17	-0.41
4	full	snp185	Chr5	42992190	C	T	0.786	additive	0.91201083935591	0.04	3.21	-3.17	0.41
4	full	snp218	Chr6	40611235	A	G	0.786	additive	0.91201083935591	0.04	3.21	-3.17	-0.46
4	full	snp314	Chr9	52446019	C	T	0.786	additive	0.91201083935591	0.04	3.21	-3.17	-0.5
4	full	snp007	Chr1	6295542	C	T	0.786	additive	0.933254300796991	0.03	3.21	-3.18	-0.35
4	full	snp345	Chr10	56303368	A	G	0.786	additive	0.933254300796991	0.03	3.21	-3.18	0.4
4	full	snp070	Chr2	39062507	A	G	0.786	additive	0.933254300796991	0.03	3.21	-3.18	-0.35
4	full	snp114	Chr3	51404549	A	G	0.786	additive	0.933254300796991	0.03	3.21	-3.18	-0.61
4	full	snp139	Chr4	50242180	C	T	0.786	additive	0.933254300796991	0.03	3.21	-3.18	-0.44
4	full	snp151	Chr4	65867228	A	G	0.786	additive	0.933254300796991	0.03	3.21	-3.18	-0.3
4	full	snp200	Chr6	7484322	C	T	0.786	additive	0.933254300796991	0.03	3.21	-3.18	0.42
4	full	snp215	Chr6	38754845	A	G	0.786	additive	0.933254300796991	0.03	3.21	-3.18	0.34
4	full	snp231	Chr6	56940277	A	G	0.786	additive	0.933254300796991	0.03	3.21	-3.18	-0.36
4	full	snp009	Chr1	11774418	A	G	0.786	additive	0.954992586021436	0.02	3.21	-3.19	0.28
4	full	snp011	Chr1	29676849	A	G	0.786	additive	0.954992586021436	0.02	3.21	-3.19	0.29
4	full	snp109	Chr3	45603698	C	T	0.786	additive	0.954992586021436	0.02	3.21	-3.19	-0.34
4	full	snp133	Chr4	25357073	C	T	0.786	additive	0.954992586021436	0.02	3.21	-3.19	0.25
4	full	snp155	Chr4	69148700	A	G	0.786	additive	0.954992586021436	0.02	3.21	-3.19	0.35
4	full	snp190	Chr5	48888060	C	T	0.786	additive	0.954992586021436	0.02	3.21	-3.19	-0.28
4	full	snp259	Chr7	49747344	C	T	0.786	additive	0.954992586021436	0.02	3.21	-3.19	0.27
4	full	snp290	Chr9	198982	A	G	0.786	additive	0.954992586021436	0.02	3.21	-3.19	-0.22
4	full	snp310	Chr9	48173462	C	T	0.786	additive	0.954992586021436	0.02	3.21	-3.19	-0.17
4	full	snp354	Chr11	6415427	C	T	0.786	additive	0.977237220955811	0.01	3.21	-3.2	0.13
4	full	snp362	Chr11	16786403	C	T	0.786	additive	0.977237220955811	0.01	3.21	-3.2	-0.08
4	full	snp091	Chr3	13716066	A	G	0.786	additive	0.977237220955811	0.01	3.21	-3.2	0.15
4	full	snp187	Chr5	45880548	A	G	0.786	additive	0.977237220955811	0.01	3.21	-3.2	-0.08
4	full	snp247	Chr7	36903616	C	T	0.786	additive	0.977237220955811	0.01	3.21	-3.2	-0.16
4	full	snp146	Chr4	60206967	A	G	0.786	additive	1	0	3.21	-3.21	-0.06
4	full	snp164	Chr4	72022392	A	G	0.786	additive	1	0	3.21	-3.21	0.04
4	full	snp219	Chr6	40611306	A	G	0.786	additive	1	0	3.21	-3.21	0
