MODEL	GC	Marker	Chr	Pos	P	SCORE	THRESHOLD	DIFF
additive	0.858	c2_16999	8	54838024	0.000250441036198419	3.601295	3.894316	-0.293021
additive	0.858	c2_16998	8	54838005	0.000333098476679855	3.477427	3.894316	-0.416889
additive	0.858	c2_12125	1	71450400	0.00327521978560926	2.48476	3.894316	-1.409556
additive	0.858	c1_16001	10	47539878	0.0060699612200426	2.216814	3.894316	-1.677502
additive	0.858	c2_3680	11	39908878	0.00680237293580098	2.16734	3.894316	-1.726976
additive	0.858	c2_46195	1	64259758	0.00716629920213379	2.144705	3.894316	-1.749611
additive	0.858	c2_40954	1	63756796	0.0111880862989289	1.951244	3.894316	-1.943072
additive	0.858	c2_45606	10	48218826	0.011303656305236	1.946781	3.894316	-1.947535
additive	0.858	c2_45611	10	48203431	0.0120222232783609	1.920015	3.894316	-1.974301
additive	0.858	c2_32467	12	55220113	0.01445203744557	1.840071	3.894316	-2.054245
additive	0.858	c1_16351	10	48761642	0.0206195097730912	1.685722	3.894316	-2.208594
additive	0.858	c2_25471	10	48808404	0.0219729821680898	1.658111	3.894316	-2.236205
additive	0.858	c2_41189	6	57354175	0.0220191089437328	1.6572	3.894316	-2.237116
additive	0.858	c2_16994	8	54835304	0.0252786133751687	1.597247	3.894316	-2.297069
additive	0.858	c2_40858	9	52147350	0.026585587656401	1.575354	3.894316	-2.318962
additive	0.858	c2_15388	11	41349992	0.0282844631091161	1.548452	3.894316	-2.345864
additive	0.858	c1_13526	10	48020996	0.0288117475268395	1.54043	3.894316	-2.353886
additive	0.858	c2_2968	11	27852552	0.0289061282782898	1.53901	3.894316	-2.355306
additive	0.858	c1_8021	10	48862950	0.0301191249187184	1.521158	3.894316	-2.373158
additive	0.858	c2_12930	4	69311500	0.0329743422714811	1.481824	3.894316	-2.412492
additive	0.858	c2_51301	10	51725970	0.0348222952883923	1.458143	3.894316	-2.436173
additive	0.858	c1_8019	10	48863165	0.038507902350537	1.41445	3.894316	-2.479866
additive	0.858	c2_39499	9	49977704	0.0392791743322637	1.405838	3.894316	-2.488478
additive	0.858	c2_9908	1	81464383	0.0395455367418642	1.402903	3.894316	-2.491413
additive	0.858	c2_5960	11	2854841	0.0429861506896637	1.366671	3.894316	-2.527645
additive	0.858	c2_25250	7	47642053	0.048779111153885	1.311766	3.894316	-2.58255
additive	0.858	c2_17193	1	70472380	0.0551301800130838	1.258611	3.894316	-2.635705
additive	0.858	c2_36779	8	51263284	0.0571304598413981	1.243132	3.894316	-2.651184
additive	0.858	c1_819	8	37495873	0.057776789358119	1.238247	3.894316	-2.656069
additive	0.858	c1_14813	3	2565354	0.0611082834201376	1.2139	3.894316	-2.680416
additive	0.858	c2_24677	1	30837971	0.0643492500753662	1.191457	3.894316	-2.702859
additive	0.858	c1_1539	2	7830631	0.0656759853392361	1.182593	3.894316	-2.711723
additive	0.858	c2_17191	1	70474651	0.0669652583147391	1.17415	3.894316	-2.720166
additive	0.858	c1_10751	4	58845309	0.0699250752412984	1.155367	3.894316	-2.738949
additive	0.858	c1_8316	4	65802638	0.0705074454931047	1.151765	3.894316	-2.742551
additive	0.858	c1_6240	7	48778791	0.0709285639917152	1.149179	3.894316	-2.745137
additive	0.858	c2_38952	2	28230212	0.0737109227940087	1.132468	3.894316	-2.761848
additive	0.858	c2_23449	9	11720990	0.0775027516493392	1.110683	3.894316	-2.783633
additive	0.858	c2_48041	9	59300365	0.0807687271125047	1.092757	3.894316	-2.801559
additive	0.858	c1_8549	9	61209710	0.0813654769341454	1.08956	3.894316	-2.804756
additive	0.858	c2_25283	4	65867228	0.087264693591436	1.059161	3.894316	-2.835155
additive	0.858	c2_49917	1	86090388	0.093495469782508	1.029209	3.894316	-2.865107
additive	0.858	c2_49897	1	86164613	0.0983680027400036	1.007146	3.894316	-2.88717
additive	0.858	c2_22186	11	40777303	0.0984646764684561	1.00672	3.894316	-2.887596
additive	0.858	c2_9047	6	57620314	0.0996060852553157	1.001714	3.894316	-2.892602
additive	0.858	c2_45702	3	43326959	0.101738974164288	0.992513	3.894316	-2.901803
additive	0.858	c2_45023	10	59663750	0.102014584336059	0.991338	3.894316	-2.902978
additive	0.858	c2_12921	4	69363089	0.102023094185903	0.991302	3.894316	-2.903014
additive	0.858	c2_51049	12	48167367	0.102151016959395	0.990757	3.894316	-2.903559
additive	0.858	c2_39509	9	50174507	0.10428794744537	0.981766	3.894316	-2.91255
additive	0.858	c2_20502	1	67221911	0.105553344157609	0.976528	3.894316	-2.917788
additive	0.858	c1_2280	11	3948374	0.10596477899819	0.974838	3.894316	-2.919478
additive	0.858	c1_10397	8	50310526	0.108537810440597	0.964419	3.894316	-2.929897
additive	0.858	c2_45703	3	43326982	0.109074993267423	0.962275	3.894316	-2.932041
additive	0.858	c1_15726	6	238858	0.109701424104506	0.959788	3.894316	-2.934528
additive	0.858	c2_5957	11	2855044	0.11206697125598	0.950522	3.894316	-2.943794
additive	0.858	c2_16426	1	75485233	0.115364950655152	0.937926	3.894316	-2.95639
additive	0.858	c1_8566	9	61051598	0.118747077148819	0.925377	3.894316	-2.968939
additive	0.858	c2_34698	8	50386164	0.11944699905677	0.922825	3.894316	-2.971491
additive	0.858	c2_34717	8	50543373	0.12242242676974	0.912139	3.894316	-2.982177
additive	0.858	c2_40831	10	45944363	0.122752087570746	0.910971	3.894316	-2.983345
additive	0.858	c2_16846	7	53783075	0.123993550507384	0.906601	3.894316	-2.987715
additive	0.858	c2_46592	3	43224595	0.12687460206526	0.896625	3.894316	-2.997691
additive	0.858	c1_13996	9	49453657	0.130543269725958	0.884246	3.894316	-3.01007
additive	0.858	c1_15914	7	1005913	0.13515776626471	0.869159	3.894316	-3.025157
additive	0.858	c1_1216	5	51998374	0.137473165046985	0.861782	3.894316	-3.032534
additive	0.858	c2_55276	3	45385967	0.139443765881585	0.855601	3.894316	-3.038715
additive	0.858	c2_53945	10	51927288	0.139970199355181	0.853964	3.894316	-3.040352
additive	0.858	c2_3962	9	4889182	0.145885958628406	0.835987	3.894316	-3.058329
additive	0.858	c2_16004	7	43579421	0.14752556229683	0.831133	3.894316	-3.063183
additive	0.858	c2_45698	3	43326301	0.150315573833799	0.822996	3.894316	-3.07132
additive	0.858	c2_53946	10	51926832	0.151111163376629	0.820703	3.894316	-3.073613
additive	0.858	c2_30501	6	257821	0.152081748482628	0.817923	3.894316	-3.076393
additive	0.858	c2_39671	2	23504101	0.152199938844742	0.817586	3.894316	-3.07673
additive	0.858	c1_11815	11	43282911	0.15875405966315	0.799275	3.894316	-3.095041
additive	0.858	c2_4165	9	4119060	0.159398034703273	0.797517	3.894316	-3.096799
additive	0.858	c2_4158	9	4091032	0.160604109393313	0.794243	3.894316	-3.100073
additive	0.858	c2_17428	2	20681320	0.161232169290373	0.792548	3.894316	-3.101768
additive	0.858	c2_32317	8	38782386	0.165557438742115	0.781051	3.894316	-3.113265
additive	0.858	c2_42451	5	49177458	0.167776886957183	0.775268	3.894316	-3.119048
additive	0.858	c2_10693	4	71588170	0.170115147404643	0.769257	3.894316	-3.125059
additive	0.858	c2_30741	3	36334363	0.170620593604682	0.767969	3.894316	-3.126347
additive	0.858	c1_14975	3	33475318	0.174604246014442	0.757945	3.894316	-3.136371
additive	0.858	c2_56793	6	20312642	0.178426973149291	0.748539	3.894316	-3.145777
additive	0.858	c2_38900	7	638125	0.186399319970893	0.729556	3.894316	-3.16476
additive	0.858	c1_11290	1	87749782	0.189462249264241	0.722477	3.894316	-3.171839
additive	0.858	c2_9245	6	57953056	0.19211979117806	0.716428	3.894316	-3.177888
additive	0.858	c1_11935	7	6466545	0.198546058206736	0.702139	3.894316	-3.192177
additive	0.858	c2_5256	3	7217277	0.20000411868079	0.698961	3.894316	-3.195355
additive	0.858	c2_40523	10	14785936	0.200049736220004	0.698862	3.894316	-3.195454
additive	0.858	c2_45123	4	53994118	0.200428597707877	0.69804	3.894316	-3.196276
additive	0.858	c1_8659	6	56645417	0.203155442071708	0.692172	3.894316	-3.202144
additive	0.858	c2_51155	9	49754441	0.203197118899812	0.692082	3.894316	-3.202234
additive	0.858	c1_15925	3	36151152	0.222742324735524	0.652197	3.894316	-3.242119
additive	0.858	c2_18836	12	51862256	0.231365319909569	0.635702	3.894316	-3.258614
additive	0.858	c2_52205	4	67570682	0.235067332989771	0.628808	3.894316	-3.265508
additive	0.858	c2_805	2	13566944	0.238234816443727	0.622995	3.894316	-3.271321
additive	0.858	c2_5006	5	42300405	0.242870193831511	0.614626	3.894316	-3.27969
additive	0.858	c2_30509	6	410471	0.243404166167835	0.613672	3.894316	-3.280644
additive	0.858	c2_44609	4	10132935	0.244486922932943	0.611744	3.894316	-3.282572
additive	0.858	c2_9722	1	80835981	0.246831499205826	0.607599	3.894316	-3.286717
additive	0.858	c2_55780	4	65971280	0.252769290117504	0.597276	3.894316	-3.29704
additive	0.858	c2_2201	1	77738822	0.254359656149176	0.594552	3.894316	-3.299764
additive	0.858	c2_31042	1	87982085	0.25539160734356	0.592793	3.894316	-3.301523
additive	0.858	c2_50220	6	34311834	0.259538325475147	0.585799	3.894316	-3.308517
additive	0.858	c1_12745	3	34492320	0.26161138482541	0.582343	3.894316	-3.311973
additive	0.858	c2_12126	1	71450692	0.264240258726506	0.578001	3.894316	-3.316315
additive	0.858	c2_12531	7	52795452	0.266054588403038	0.575029	3.894316	-3.319287
additive	0.858	c2_2464	1	77190791	0.266492433285724	0.574315	3.894316	-3.320001
additive	0.858	c2_40821	5	45546574	0.267492556984672	0.572688	3.894316	-3.321628
additive	0.858	c2_18684	7	55284214	0.268213240382399	0.57152	3.894316	-3.322796
additive	0.858	c2_49764	9	10352719	0.268643025924599	0.570824	3.894316	-3.323492
additive	0.858	c2_18945	8	43375794	0.278712529083189	0.554844	3.894316	-3.339472
additive	0.858	c1_12234	10	59403404	0.280353800274714	0.552294	3.894316	-3.342022
additive	0.858	c2_50977	11	30164460	0.289527502511779	0.53831	3.894316	-3.356006
additive	0.858	c2_34229	11	44992714	0.290918656863107	0.536228	3.894316	-3.358088
additive	0.858	c2_27762	9	61466245	0.303823255938822	0.517379	3.894316	-3.376937
additive	0.858	c2_10656	4	71654784	0.310054531631144	0.508562	3.894316	-3.385754
additive	0.858	c2_52519	9	8043361	0.315049813730686	0.501621	3.894316	-3.392695
additive	0.858	c2_52515	9	8043110	0.318570324673446	0.496795	3.894316	-3.397521
additive	0.858	c2_5774	6	50345164	0.320185412150715	0.494598	3.894316	-3.399718
additive	0.858	c2_10358	5	48541183	0.321205173025382	0.493217	3.894316	-3.401099
additive	0.858	c2_16863	6	47604700	0.321767169510815	0.492458	3.894316	-3.401858
additive	0.858	c2_44777	2	32670900	0.32383012950106	0.489683	3.894316	-3.404633
additive	0.858	c2_1493	9	34912758	0.32463241658929	0.488608	3.894316	-3.405708
additive	0.858	c2_51470	5	5574733	0.331842414848074	0.479068	3.894316	-3.415248
additive	0.858	c2_14648	2	8799527	0.341548470906842	0.466548	3.894316	-3.427768
additive	0.858	c2_55849	4	59150916	0.344542761641485	0.462757	3.894316	-3.431559
additive	0.858	c2_3984	9	5032856	0.345686959569941	0.461317	3.894316	-3.432999
additive	0.858	c1_13155	6	51617848	0.34833244443378	0.458006	3.894316	-3.43631
additive	0.858	c2_49042	1	43330728	0.349553301834072	0.456487	3.894316	-3.437829
additive	0.858	c2_14731	1	86442644	0.356287341535121	0.4482	3.894316	-3.446116
additive	0.858	c2_14690	2	8398866	0.356523721264817	0.447912	3.894316	-3.446404
additive	0.858	c1_3544	4	71385536	0.360143311356867	0.443525	3.894316	-3.450791
additive	0.858	c2_32077	12	55762243	0.360554100739427	0.44303	3.894316	-3.451286
additive	0.858	c1_11319	10	53648500	0.370009169339971	0.431788	3.894316	-3.462528
additive	0.858	c2_38515	3	9163294	0.370531898144951	0.431174	3.894316	-3.463142
additive	0.858	c2_19826	7	48955227	0.371162575301893	0.430436	3.894316	-3.46388
additive	0.858	c2_54368	5	48888060	0.374827834768787	0.426168	3.894316	-3.468148
additive	0.858	c1_398	3	51601574	0.375125850977797	0.425823	3.894316	-3.468493
additive	0.858	c2_26688	4	65767269	0.378391518237903	0.422059	3.894316	-3.472257
additive	0.858	c1_13068	5	45125984	0.381184697048549	0.418865	3.894316	-3.475451
additive	0.858	c2_5791	0	36454137	0.382503969260538	0.417364	3.894316	-3.476952
additive	0.858	c1_5981	7	55130142	0.384266412212133	0.415368	3.894316	-3.478948
additive	0.858	c2_1511	9	32567149	0.385634526292122	0.413824	3.894316	-3.480492
additive	0.858	c2_681	9	36646088	0.385634526292122	0.413824	3.894316	-3.480492
additive	0.858	c2_1486	9	33681501	0.38772044441273	0.411481	3.894316	-3.482835
additive	0.858	c2_4156	9	4089445	0.393841454956053	0.404679	3.894316	-3.489637
additive	0.858	c2_2466	1	77191350	0.401056231636603	0.396795	3.894316	-3.497521
additive	0.858	c2_765	2	11867942	0.402059230882947	0.39571	3.894316	-3.498606
additive	0.858	c2_25560	3	45904981	0.403275943470664	0.394398	3.894316	-3.499918
additive	0.858	c1_216	9	37335897	0.404901167438363	0.392651	3.894316	-3.501665
additive	0.858	c2_34866	4	67983036	0.413882812991105	0.383123	3.894316	-3.511193
additive	0.858	c2_7918	12	57275841	0.41660676631644	0.380274	3.894316	-3.514042
additive	0.858	c2_46464	2	9766840	0.416925759475382	0.379941	3.894316	-3.514375
additive	0.858	c2_52522	9	8051081	0.420633155636687	0.376096	3.894316	-3.51822
additive	0.858	c2_55793	4	65970096	0.426102172884538	0.370486	3.894316	-3.52383
additive	0.858	c1_1468	11	31193793	0.428229206034298	0.368324	3.894316	-3.525992
additive	0.858	c2_13633	11	36564532	0.42949481425159	0.367042	3.894316	-3.527274
additive	0.858	c2_54370	5	48887667	0.432601221194252	0.363912	3.894316	-3.530404
additive	0.858	c2_51546	11	37281500	0.43337500517221	0.363136	3.894316	-3.53118
additive	0.858	c2_47202	2	47142731	0.434574632990128	0.361936	3.894316	-3.53238
additive	0.858	c1_14973	3	33464174	0.436418639161283	0.360097	3.894316	-3.534219
additive	0.858	c2_41874	2	15518745	0.437182761710696	0.359337	3.894316	-3.534979
additive	0.858	c1_8908	1	13655916	0.437495083030325	0.359027	3.894316	-3.535289
additive	0.858	c1_14614	6	59263222	0.440659332603748	0.355897	3.894316	-3.538419
additive	0.858	c2_6674	0	7042046	0.445593917516138	0.351061	3.894316	-3.543255
additive	0.858	c1_449	9	18826247	0.44559391751615	0.351061	3.894316	-3.543255
additive	0.858	c2_1719	3	51404549	0.447303160707008	0.349398	3.894316	-3.544918
additive	0.858	c2_4709	1	84214632	0.447414898087909	0.34929	3.894316	-3.545026
additive	0.858	c2_8256	5	49836134	0.449870736236248	0.346912	3.894316	-3.547404
additive	0.858	c2_40084	9	57423119	0.454950212723674	0.342036	3.894316	-3.55228
additive	0.858	c2_50797	6	56940529	0.455274386364066	0.341727	3.894316	-3.552589
additive	0.858	c1_13229	8	6541246	0.456668811378453	0.340399	3.894316	-3.553917
additive	0.858	c1_9386	1	88471573	0.460843511248842	0.336447	3.894316	-3.557869
additive	0.858	c2_25282	4	65867121	0.467196582437709	0.3305	3.894316	-3.563816
additive	0.858	c1_10069	11	2259927	0.470798039231651	0.327165	3.894316	-3.567151
additive	0.858	c2_28848	7	55889095	0.473795908107223	0.324409	3.894316	-3.569907
additive	0.858	c2_26773	4	9276426	0.475480317626572	0.322867	3.894316	-3.571449
additive	0.858	c2_6990	1	80077322	0.479487032347175	0.319223	3.894316	-3.575093
additive	0.858	c1_12257	2	34211649	0.481849150016575	0.317089	3.894316	-3.577227
additive	0.858	c2_736	2	12188316	0.483514649732762	0.31559	3.894316	-3.578726
additive	0.858	c2_53699	3	48017163	0.483743968163696	0.315384	3.894316	-3.578932
additive	0.858	c2_387	3	57407879	0.487991095499205	0.311588	3.894316	-3.582728
additive	0.858	c2_31041	1	87973310	0.48812179558833	0.311472	3.894316	-3.582844
additive	0.858	c2_23737	5	389040	0.489841520487305	0.309944	3.894316	-3.584372
additive	0.858	c1_14778	6	7467662	0.497388214900975	0.303305	3.894316	-3.591011
additive	0.858	c2_14741	1	86602967	0.501986516830884	0.299308	3.894316	-3.595008
additive	0.858	c1_13243	10	59608971	0.508385194851691	0.293807	3.894316	-3.600509
additive	0.858	c2_6185	11	3572445	0.518637072211179	0.285136	3.894316	-3.60918
additive	0.858	c2_54785	3	47137231	0.519824765874802	0.284143	3.894316	-3.610173
additive	0.858	c1_3638	3	46475259	0.526613955742091	0.278508	3.894316	-3.615808
additive	0.858	c2_2138	3	46265431	0.527381224815589	0.277875	3.894316	-3.616441
additive	0.858	c2_51480	6	39539088	0.527811025334556	0.277522	3.894316	-3.616794
additive	0.858	c1_7407	7	42784586	0.529963145677058	0.275754	3.894316	-3.618562
additive	0.858	c2_984	10	1759258	0.530341023039668	0.275445	3.894316	-3.618871
additive	0.858	c2_31403	4	10567963	0.533980819857616	0.272474	3.894316	-3.621842
additive	0.858	c2_18506	3	55911538	0.537707840741434	0.269454	3.894316	-3.624862
additive	0.858	c2_23250	12	53642804	0.540161990015209	0.267476	3.894316	-3.62684
additive	0.858	c1_11997	5	45545670	0.541263406542296	0.266591	3.894316	-3.627725
additive	0.858	c1_9060	10	56310959	0.544726733609861	0.263821	3.894316	-3.630495
additive	0.858	c2_21331	0	18170692	0.545059596993333	0.263556	3.894316	-3.63076
additive	0.858	c2_322	3	57569599	0.546485634696351	0.262421	3.894316	-3.631895
additive	0.858	c2_14903	1	87322718	0.552190737434819	0.257911	3.894316	-3.636405
additive	0.858	c2_50238	9	7882786	0.552343498110829	0.257791	3.894316	-3.636525
additive	0.858	c1_3992	11	9055733	0.556327663132622	0.254669	3.894316	-3.639647
additive	0.858	c2_55471	3	44512686	0.557128675665152	0.254044	3.894316	-3.640272
additive	0.858	c2_42455	5	49179532	0.557492224008597	0.253761	3.894316	-3.640555
additive	0.858	c2_18667	7	55220152	0.560605764220546	0.251342	3.894316	-3.642974
additive	0.858	c2_40879	9	52027191	0.564282379935988	0.248504	3.894316	-3.645812
additive	0.858	c2_10443	4	33160548	0.564360515346457	0.248443	3.894316	-3.645873
additive	0.858	c2_53914	8	47519565	0.565906062889102	0.247256	3.894316	-3.64706
additive	0.858	c2_44926	12	11741117	0.567070911822165	0.246363	3.894316	-3.647953
additive	0.858	c2_39448	4	63659421	0.57493661271971	0.24038	3.894316	-3.653936
additive	0.858	c2_41044	8	44234462	0.57823452411786	0.237896	3.894316	-3.65642
additive	0.858	c2_47227	2	46986482	0.578988261937093	0.23733	3.894316	-3.656986
additive	0.858	c2_47200	2	47137763	0.57987860643366	0.236663	3.894316	-3.657653
additive	0.858	c2_7208	1	79456101	0.58069965775712	0.236048	3.894316	-3.658268
additive	0.858	c2_14064	3	52657949	0.58284806628357	0.234445	3.894316	-3.659871
additive	0.858	c2_25653	3	45603698	0.584692358677658	0.233073	3.894316	-3.661243
additive	0.858	c2_1155	10	2487178	0.585559254260167	0.232429	3.894316	-3.661887
additive	0.858	c1_6352	3	44751875	0.587116583655986	0.231276	3.894316	-3.66304
additive	0.858	c2_52691	12	12034745	0.588412963058474	0.230318	3.894316	-3.663998
additive	0.858	c2_16302	12	13271474	0.590017964520254	0.229135	3.894316	-3.665181
additive	0.858	c2_36957	0	12516015	0.595936465804179	0.2248	3.894316	-3.669516
additive	0.858	c1_200	3	20614716	0.598671794751718	0.222811	3.894316	-3.671505
additive	0.858	c2_26454	3	56440455	0.603054176390746	0.219644	3.894316	-3.674672
additive	0.858	c2_28851	7	55889622	0.6040922708006	0.218897	3.894316	-3.675419
additive	0.858	c2_23320	12	53052450	0.604871080755362	0.218337	3.894316	-3.675979
additive	0.858	c1_2640	2	41814861	0.605798802071691	0.217672	3.894316	-3.676644
additive	0.858	c2_12530	7	52794272	0.612196401260651	0.213109	3.894316	-3.681207
additive	0.858	c2_9216	6	58219291	0.614013423966472	0.211822	3.894316	-3.682494
additive	0.858	c2_33657	11	2274063	0.61428715266685	0.211629	3.894316	-3.682687
additive	0.858	c2_57865	3	46423346	0.615182711892574	0.210996	3.894316	-3.68332
additive	0.858	c1_2090	6	50627521	0.618585332673542	0.2086	3.894316	-3.685716
additive	0.858	c2_42059	2	27676733	0.619532347589157	0.207936	3.894316	-3.68638
additive	0.858	c2_50816	12	54542074	0.622756648966658	0.205682	3.894316	-3.688634
additive	0.858	c2_9215	6	58219483	0.622793698229542	0.205656	3.894316	-3.68866
additive	0.858	c2_24556	12	244664	0.625668057919348	0.203656	3.894316	-3.69066
additive	0.858	c2_13593	11	35913857	0.627400395598182	0.202455	3.894316	-3.691861
additive	0.858	c2_21314	0	3812796	0.627853702959055	0.202142	3.894316	-3.692174
additive	0.858	c2_17530	1	69918804	0.630135084391763	0.200566	3.894316	-3.69375
additive	0.858	c2_1908	9	19487287	0.637131261170989	0.195771	3.894316	-3.698545
additive	0.858	c1_11722	4	7966312	0.639770993407597	0.193975	3.894316	-3.700341
additive	0.858	c2_32359	1	63208319	0.639844981695507	0.193925	3.894316	-3.700391
additive	0.858	c2_35218	1	47299905	0.64198898776239	0.192472	3.894316	-3.701844
additive	0.858	c2_57257	3	53434144	0.64889530292506	0.187825	3.894316	-3.706491
additive	0.858	c2_8966	6	52859976	0.651019678830131	0.186406	3.894316	-3.70791
additive	0.858	c2_51899	5	10808069	0.653533909206586	0.184732	3.894316	-3.709584
additive	0.858	c2_20618	9	56876796	0.656204043244626	0.182961	3.894316	-3.711355
additive	0.858	c2_51047	12	48177610	0.658561903034758	0.181403	3.894316	-3.712913
additive	0.858	c2_45616	10	48165825	0.659684972904548	0.180663	3.894316	-3.713653
additive	0.858	c2_26162	7	2596686	0.661171380346483	0.179686	3.894316	-3.71463
additive	0.858	c2_37201	11	1775392	0.664533859452903	0.177483	3.894316	-3.716833
additive	0.858	c2_34867	4	67982950	0.66545289511036	0.176883	3.894316	-3.717433
additive	0.858	c2_43135	6	42626082	0.666124354683479	0.176445	3.894316	-3.717871
additive	0.858	c2_3961	9	4882347	0.66784360668569	0.175325	3.894316	-3.718991
additive	0.858	c2_6002	11	2725104	0.670004857698419	0.173922	3.894316	-3.720394
additive	0.858	c2_39834	1	69381132	0.671457166158258	0.172982	3.894316	-3.721334
additive	0.858	c2_38871	7	795288	0.671965467039388	0.172653	3.894316	-3.721663
additive	0.858	c1_7514	7	41721335	0.676308917500138	0.169855	3.894316	-3.724461
additive	0.858	c1_9477	4	31226172	0.684598719840358	0.164564	3.894316	-3.729752
additive	0.858	c2_32877	5	10273830	0.68561359515134	0.163921	3.894316	-3.730395
additive	0.858	c1_14645	5	10031602	0.68601226247365	0.163668	3.894316	-3.730648
additive	0.858	c2_23396	7	41720719	0.696363353165778	0.157164	3.894316	-3.737152
additive	0.858	c1_9614	4	67294193	0.700226518007156	0.154761	3.894316	-3.739555
additive	0.858	c2_5836	6	50088968	0.702931449371595	0.153087	3.894316	-3.741229
additive	0.858	c2_58296	3	50294881	0.706978655723818	0.150594	3.894316	-3.743722
additive	0.858	c1_1426	9	4373995	0.708923364345639	0.149401	3.894316	-3.744915
additive	0.858	c1_14044	1	68529707	0.710685735245724	0.148322	3.894316	-3.745994
additive	0.858	c2_39081	9	1376399	0.711207255811517	0.148004	3.894316	-3.746312
additive	0.858	c1_16106	9	59475851	0.711591967293696	0.147769	3.894316	-3.746547
additive	0.858	c2_29945	9	55948860	0.714923839131077	0.14574	3.894316	-3.748576
additive	0.858	c2_53383	12	20336319	0.719678586909341	0.142861	3.894316	-3.751455
additive	0.858	c2_3021	9	58582477	0.723155775737884	0.140768	3.894316	-3.753548
additive	0.858	c2_36037	4	58868987	0.724192109896313	0.140146	3.894316	-3.75417
additive	0.858	c2_28482	8	56780437	0.728555563144879	0.137537	3.894316	-3.756779
additive	0.858	c2_33678	11	2464166	0.736536907855559	0.132805	3.894316	-3.761511
additive	0.858	c2_2653	1	58737722	0.739008673270457	0.13135	3.894316	-3.762966
additive	0.858	c2_34608	8	53386131	0.739803941749975	0.130883	3.894316	-3.763433
additive	0.858	c2_18918	8	43308600	0.74298786487676	0.129018	3.894316	-3.765298
additive	0.858	c2_9201	6	58259952	0.747352692310287	0.126474	3.894316	-3.767842
additive	0.858	c1_14870	12	50896643	0.750602536491289	0.12459	3.894316	-3.769726
additive	0.858	c1_8765	8	56753066	0.751024085511843	0.124346	3.894316	-3.76997
additive	0.858	c2_50332	11	33927332	0.752465724190678	0.123513	3.894316	-3.770803
additive	0.858	c2_9193	6	58293159	0.753297132568637	0.123034	3.894316	-3.771282
additive	0.858	c2_15603	10	55609609	0.754574371077749	0.122298	3.894316	-3.772018
additive	0.858	c2_41055	3	32856641	0.755339977090888	0.121858	3.894316	-3.772458
additive	0.858	c2_17631	3	53309062	0.755721142928613	0.121638	3.894316	-3.772678
additive	0.858	c1_14763	8	45990790	0.757087323018054	0.120854	3.894316	-3.773462
additive	0.858	c2_53068	1	85916184	0.757917497468216	0.120378	3.894316	-3.773938
additive	0.858	c2_28481	8	56780532	0.758641659874646	0.119963	3.894316	-3.774353
additive	0.858	c1_4238	9	6726820	0.764525128438349	0.116608	3.894316	-3.777708
additive	0.858	c2_16466	1	75748919	0.765019272739841	0.116328	3.894316	-3.777988
additive	0.858	c2_24329	5	11376900	0.767181668342547	0.115102	3.894316	-3.779214
additive	0.858	c1_10424	4	67985201	0.767666553620908	0.114827	3.894316	-3.779489
additive	0.858	c2_34863	4	67984659	0.768862168102521	0.114152	3.894316	-3.780164
additive	0.858	c2_34862	4	67984665	0.769562942931107	0.113756	3.894316	-3.78056
additive	0.858	c2_5461	12	60754698	0.771340982550972	0.112754	3.894316	-3.781562
additive	0.858	c1_8998	3	47331243	0.772380667409896	0.112169	3.894316	-3.782147
additive	0.858	c1_7766	12	239176	0.772904234949835	0.111874	3.894316	-3.782442
additive	0.858	c2_51096	3	33393461	0.773351647880638	0.111623	3.894316	-3.782693
additive	0.858	c1_3484	4	71945107	0.773695442477284	0.11143	3.894316	-3.782886
additive	0.858	c2_13177	9	6722540	0.776824899489426	0.109677	3.894316	-3.784639
additive	0.858	c2_9308	6	57850119	0.782420228098419	0.10656	3.894316	-3.787756
additive	0.858	c2_7631	2	41637553	0.786832848109678	0.104118	3.894316	-3.790198
additive	0.858	c2_49666	5	19633164	0.787189677985441	0.103921	3.894316	-3.790395
additive	0.858	c2_53075	1	85902599	0.787582078566882	0.103704	3.894316	-3.790612
additive	0.858	c2_8037	12	57705706	0.790151871582183	0.102289	3.894316	-3.792027
additive	0.858	c1_9619	4	67248738	0.790524347684601	0.102085	3.894316	-3.792231
additive	0.858	c1_3637	3	46475610	0.795735048441601	0.099232	3.894316	-3.795084
additive	0.858	c2_18892	8	43102081	0.798151590809513	0.097915	3.894316	-3.796401
additive	0.858	c1_4604	1	74257861	0.80499998606853	0.094204	3.894316	-3.800112
additive	0.858	c1_15547	3	55999347	0.805677833007211	0.093839	3.894316	-3.800477
additive	0.858	c2_22205	11	40845905	0.8063830845403	0.093459	3.894316	-3.800857
additive	0.858	c1_7346	2	42597150	0.806749939875669	0.093261	3.894316	-3.801055
additive	0.858	c2_4910	1	83419440	0.808170748357956	0.092497	3.894316	-3.801819
additive	0.858	c2_12953	4	69150093	0.810584305971766	0.091202	3.894316	-3.803114
additive	0.858	c2_51329	8	38877340	0.813553162117	0.089614	3.894316	-3.804702
additive	0.858	c2_4034	9	51643098	0.817685460717886	0.087414	3.894316	-3.806902
additive	0.858	c1_10855	7	9998099	0.817790014205709	0.087358	3.894316	-3.806958
additive	0.858	c2_54811	1	46270954	0.820221336064352	0.086069	3.894316	-3.808247
additive	0.858	c1_16513	3	53436559	0.820631167451648	0.085852	3.894316	-3.808464
additive	0.858	c1_16588	12	51615529	0.826124690479672	0.082954	3.894316	-3.811362
additive	0.858	c2_53854	8	49620478	0.826541114375542	0.082736	3.894316	-3.81158
additive	0.858	c2_12957	4	69148700	0.828891301397521	0.081502	3.894316	-3.812814
additive	0.858	c2_27565	6	3470372	0.835285517070036	0.078165	3.894316	-3.816151
additive	0.858	c2_18855	12	51931824	0.839447793946318	0.076006	3.894316	-3.81831
additive	0.858	c2_18502	3	55910650	0.84250878829497	0.074426	3.894316	-3.81989
additive	0.858	c2_18507	3	55911715	0.84268411795519	0.074335	3.894316	-3.819981
additive	0.858	c2_6000	11	2725245	0.842828641539976	0.074261	3.894316	-3.820055
additive	0.858	c1_6244	7	48637648	0.843490404253037	0.07392	3.894316	-3.820396
additive	0.858	c1_11123	2	23799665	0.845669923525181	0.072799	3.894316	-3.821517
additive	0.858	c1_1264	11	40194139	0.845734108616314	0.072766	3.894316	-3.82155
additive	0.858	c2_49052	6	41927092	0.852205310525225	0.069456	3.894316	-3.82486
additive	0.858	c2_10802	4	71383390	0.852751135689535	0.069178	3.894316	-3.825138
additive	0.858	c2_56057	6	38291714	0.853606210492563	0.068742	3.894316	-3.825574
additive	0.858	c1_4824	11	38167649	0.860041839229761	0.06548	3.894316	-3.828836
additive	0.858	c2_15826	8	45224020	0.861179512737863	0.064906	3.894316	-3.82941
additive	0.858	c2_47163	2	47119850	0.863261046732593	0.063858	3.894316	-3.830458
additive	0.858	c2_35695	2	47325502	0.863635208835617	0.06367	3.894316	-3.830646
additive	0.858	c2_2307	1	76486675	0.86378196216055	0.063596	3.894316	-3.83072
additive	0.858	c2_46028	9	12790782	0.865011582226498	0.062978	3.894316	-3.831338
additive	0.858	c2_39597	4	8218478	0.865764453994063	0.0626	3.894316	-3.831716
additive	0.858	c2_35055	7	49747253	0.868105482312391	0.061428	3.894316	-3.832888
additive	0.858	c2_44294	8	45632350	0.868427149114409	0.061267	3.894316	-3.833049
additive	0.858	c1_6183	9	48173462	0.869511573900923	0.060725	3.894316	-3.833591
additive	0.858	c1_8036	3	45805462	0.870658342228041	0.060152	3.894316	-3.834164
additive	0.858	c2_36053	4	58951832	0.871246074654796	0.059859	3.894316	-3.834457
additive	0.858	c1_6758	4	64867844	0.87208463683291	0.059441	3.894316	-3.834875
additive	0.858	c2_50301	5	5055948	0.872332625730926	0.059318	3.894316	-3.834998
additive	0.858	c2_44928	12	11740934	0.876447674103794	0.057274	3.894316	-3.837042
additive	0.858	c2_44095	7	44516464	0.876480308633011	0.057258	3.894316	-3.837058
additive	0.858	c1_5145	1	66903971	0.880362108338051	0.055339	3.894316	-3.838977
additive	0.858	c2_50903	1	61774592	0.880971396649898	0.055038	3.894316	-3.839278
additive	0.858	c2_20259	3	49317882	0.881203896434951	0.054924	3.894316	-3.839392
additive	0.858	c1_8330	4	66142540	0.883933018318197	0.053581	3.894316	-3.840735
additive	0.858	c2_26040	7	50287421	0.886028588079333	0.052552	3.894316	-3.841764
additive	0.858	c2_34868	4	67982840	0.887095926086734	0.052029	3.894316	-3.842287
additive	0.858	c2_8295	5	49888144	0.890934194686923	0.050154	3.894316	-3.844162
additive	0.858	c2_3737	11	40397444	0.891975388594196	0.049647	3.894316	-3.844669
additive	0.858	c2_22853	2	42733475	0.899598596991497	0.045951	3.894316	-3.848365
additive	0.858	c1_4296	11	616220	0.901766626335193	0.044906	3.894316	-3.84941
additive	0.858	c2_5974	11	2814590	0.906301055217634	0.042728	3.894316	-3.851588
additive	0.858	c2_53380	1	70371898	0.907059092380897	0.042364	3.894316	-3.851952
additive	0.858	c2_16777	6	47838439	0.908317440768983	0.041762	3.894316	-3.852554
additive	0.858	c2_5474	12	60707179	0.920158930365115	0.036137	3.894316	-3.858179
additive	0.858	c2_17592	1	69809843	0.920706068050111	0.035879	3.894316	-3.858437
additive	0.858	c2_52484	1	68069876	0.921784733218457	0.03537	3.894316	-3.858946
additive	0.858	c2_40610	2	38654150	0.922426729130063	0.035068	3.894316	-3.859248
additive	0.858	c2_37185	11	1743782	0.922542761095874	0.035013	3.894316	-3.859303
additive	0.858	c2_54371	5	48887625	0.930498288794123	0.031284	3.894316	-3.863032
additive	0.858	c2_21579	4	64775900	0.93165316787324	0.030746	3.894316	-3.86357
additive	0.858	c2_52467	3	4670814	0.93281206970244	0.030206	3.894316	-3.86411
additive	0.858	c2_40295	8	47095975	0.933223605019914	0.030014	3.894316	-3.864302
additive	0.858	c1_2139	11	2815835	0.936605066824601	0.028443	3.894316	-3.865873
additive	0.858	c2_3945	9	4793207	0.943213616277926	0.02539	3.894316	-3.868926
additive	0.858	c2_53258	3	55985522	0.946026264338803	0.024097	3.894316	-3.870219
additive	0.858	c1_7621	5	391001	0.94670937709377	0.023783	3.894316	-3.870533
additive	0.858	c2_55882	3	53272697	0.951097463831805	0.021775	3.894316	-3.872541
additive	0.858	c2_40524	12	26157851	0.955293853919152	0.019863	3.894316	-3.874453
additive	0.858	c1_11246	11	4745919	0.957209364218941	0.018993	3.894316	-3.875323
additive	0.858	c1_12178	9	53687100	0.960308970728467	0.017589	3.894316	-3.876727
additive	0.858	c2_38721	2	26199529	0.961874793859083	0.016881	3.894316	-3.877435
additive	0.858	c2_45307	2	27086672	0.961883335423126	0.016878	3.894316	-3.877438
additive	0.858	c2_13766	1	67896790	0.964555375967822	0.015673	3.894316	-3.878643
additive	0.858	c2_23958	11	6278396	0.97501984169298	0.010987	3.894316	-3.883329
additive	0.858	c2_50151	8	46018639	0.975029694265178	0.010982	3.894316	-3.883334
additive	0.858	c2_27930	12	3553557	0.97862105291616	0.009385	3.894316	-3.884931
additive	0.858	c1_11853	9	57346489	0.984134276127347	0.006946	3.894316	-3.88737
additive	0.858	c2_55571	5	49356615	0.990586956244203	0.004107	3.894316	-3.890209
additive	0.858	c1_7520	7	41720062	0.99123733566813	0.003822	3.894316	-3.890494
